{"cameraMode":{"drawMode":0,"name":"Shaded","section":"Shading Mode"},"sceneLighting":true,"audioPlay":false,"sceneViewState":{"showFog":true,"showMaterialUpdate":false,"showSkybox":true,"showFlares":true,"showImageEffects":true,"showParticleSystems":true},"in2DMode":false,"pivot":{"x":-4.437240123748779,"y":14.420841217041016,"z":9.135454177856446},"rotation":{"x":0.6990044116973877,"y":-6.766114779566124e-7,"z":2.360656878863665e-7,"w":0.7151232957839966},"size":48.091064453125,"orthographic":false}